Generator,Fixed Load
122_1,data_files\hydro\region1_Hydro.csv
122_2,data_files\hydro\region1_Hydro.csv
122_3,data_files\hydro\region1_Hydro.csv
122_4,data_files\hydro\region1_Hydro.csv
122_5,data_files\hydro\region1_Hydro.csv
122_6,data_files\hydro\region1_Hydro.csv
222_1,data_files\hydro\region2_Hydro.csv
222_2,data_files\hydro\region2_Hydro.csv
222_3,data_files\hydro\region2_Hydro.csv
222_4,data_files\hydro\region2_Hydro.csv
222_5,data_files\hydro\region2_Hydro.csv
222_6,data_files\hydro\region2_Hydro.csv
201_4,data_files\hydro\region2_Hydro.csv
215_1,data_files\hydro\region2_Hydro.csv
215_2,data_files\hydro\region2_Hydro.csv
215_3,data_files\hydro\region2_Hydro.csv
322_1,data_files\hydro\region3_Hydro.csv
322_2,data_files\hydro\region3_Hydro.csv
322_3,data_files\hydro\region3_Hydro.csv
322_4,data_files\hydro\region3_Hydro.csv
